u,g,r,i,z,target
19.2409992218,17.5259990692,16.8400001526,16.6130008698,16.4920005798,star
19.732000351,18.3390007019,17.7670001984,17.5799999237,17.4810009003,star
16.1200008392,15.232000351,14.9329996109,14.845000267,14.8269996643,star
18.9950008392,18.1509990692,17.8770008087,17.7469997406,17.7660007477,star
19.031999588,18.1119995117,17.8479995728,17.7099990845,17.7119998932,star
20.2840003967,18.4349994659,17.6940002441,17.4479999542,17.3470001221,star
21.4570007324,19.4810009003,18.5340003967,18.2269992828,17.9740009308,star
18.3390007019,17.452999115,17.1749992371,17.091999054,17.0480003357,star
18.843000412,17.8689994812,17.5559997559,17.4319992065,17.392999649,star
19.0160007477,16.763999939,15.8579998016,15.5129995346,15.3199996948,star
18.920999527,18.0650005341,17.5680007935,17.3710002899,17.2399997711,star
16.4589996338,15.5080003738,15.0780000687,14.9169998169,14.843000412,star
19.8209991455,18.4090003967,17.8689994812,17.6459999084,17.5580005646,star
17.533000946,16.5419998169,16.2140007019,16.1009998322,16.1159992218,star
18.5370006561,17.3689994812,16.8589992523,16.6030006409,16.468000412,star
19.5520000458,18.1650009155,17.6130008698,17.3689994812,17.2709999084,star
19.1049995422,18.0100002289,17.8680000305,17.8689994812,17.9640007019,star
16.7630004883,15.8680000305,15.6149997711,15.4949998856,15.4940004349,star
17.9370002747,16.468000412,15.9180002213,15.6990003586,15.607000351,star
20.1609992981,19.1270008087,18.718000412,18.5069999695,18.3680000305,star
20.5079994202,18.4920005798,17.5720005035,17.2859992981,17.0279998779,star
20.6009998322,19.6800003052,19.4230003357,19.3150005341,19.2549991608,star
19.3589992523,18.1240005493,17.6140003204,17.4179992676,17.3209991455,star
19.2649993896,18.2520008087,17.732000351,17.5149993896,17.3400001526,star
20.2719993591,19.2999992371,18.8980007172,18.7380008698,18.7129993439,star
19.5529994965,17.9279994965,17.283000946,17.0310001373,16.9640007019,star
19.4109992981,18.5879993439,18.2539997101,18.1439990997,18.1299991608,star
18.4979991913,17.3220005035,17.3439998627,17.4419994354,17.5690002441,star
18.5079994202,17.6690006256,17.2989997864,17.1679992676,17.1380004883,star
19.4769992828,18.5020008087,18.1849994659,18.0340003967,18.0200004578,star
19.9619998932,18.9899997711,18.625,18.4570007324,18.3729991913,star
19.2569999695,17.7759990692,17.1380004883,16.8439998627,16.6790008545,star
17.9099998474,16.783000946,16.3700008392,16.2399997711,16.1760005951,star
18.6399993896,16.9330005646,16.1229991913,15.8190002441,15.6149997711,star
19.4500007629,18.1609992981,17.6159992218,17.3649997711,17.2670001984,star
20.5909996033,19.2210006714,18.7099990845,18.563999176,18.5690002441,star
19.1100006104,17.7689990997,17.2159996033,17.0489997864,17.0039997101,star
18.5090007782,17.6410007477,17.3630008698,17.2350006104,17.2350006104,star
20.513999939,19.2980003357,18.8209991455,18.6280002594,18.5590000153,star
17.6650009155,16.7210006714,16.4200000763,16.2910003662,16.2600002289,star
17.2019996643,15.5760002136,14.986000061,14.7609996796,14.6370000839,star
19.1240005493,18.138999939,17.8829994202,17.7630004883,17.7940006256,star
18.2210006714,17.1989994049,16.8950004578,16.8150005341,16.8129997253,star
19.013999939,17.8330001831,17.5100002289,17.3630008698,17.2070007324,star
17.172000885,16.2210006714,16.0300006866,15.9689998627,16.0069999695,star
19.2719993591,18.4120006561,18.0990009308,17.9050006866,17.8910007477,star
19.5489997864,18.0039997101,17.454000473,17.3129997253,17.172000885,star
20.7579994202,18.4099998474,17.3670005798,16.9839992523,16.7749996185,star
18.7560005188,17.186000824,16.6060009003,16.3980007172,16.2859992981,star
19.0939998627,17.8540000916,17.3010005951,17.0799999237,16.9699993134,star
19.4440002441,18.3069992065,18.2579994202,18.3020000458,18.3339996338,star
19.2800006866,18.2740001678,17.9260005951,17.7719993591,17.763999939,star
18.8500003815,17.9750003815,17.7250003815,17.5909996033,17.5090007782,star
20.8439998627,19.5209999084,18.9510002136,18.6550006866,18.5090007782,star
19.6520004272,18.7010002136,18.3190002441,18.1900005341,18.0760002136,star
16.7520008087,15.1379995346,14.5500001907,14.3500003815,14.2919998169,star
19.138999939,17.6979999542,17.1439990997,16.936000824,16.8589992523,star
18.1040000916,16.9850006104,16.8090000153,16.7369995117,16.7560005188,star
18.4130001068,17.4290008545,17.2329998016,17.2350006104,17.2019996643,star
17.7110004425,16.8509998322,16.4909992218,16.3530006409,16.3020000458,star
20.5310001373,19.6420001984,19.375,19.3509998322,19.2290000916,star
16.7719993591,15.3299999237,14.8100004196,14.6379995346,14.5679998398,star
20.1539993286,18.642999649,18.0450000763,17.8129997253,17.7420005798,star
18.0949993134,17.1879997253,16.8899993896,16.7530002594,16.7479991913,star
18.111000061,16.6140003204,16.0520000458,15.8520002365,15.7670001984,star
18.2579994202,17.1959991455,16.6529998779,16.4340000153,16.3269996643,star
17.9090003967,16.9710006714,16.6240005493,16.5349998474,16.4510002136,star
20.3670005798,18.8680000305,18.2329998016,17.9589996338,17.8360004425,star
21.4599990845,19.8740005493,19.3080005646,19.0979995728,18.9249992371,star
19.861000061,18.6410007477,18.1140003204,17.9009990692,17.7779998779,star
18.017999649,17.6900005341,16.4640007019,16.2870006561,16.2099990845,star
18.1329994202,16.6019992828,16.0079994202,15.795999527,15.6870002747,star
17.4659996033,16.045999527,15.4530000687,15.2239999771,15.1319999695,star
21.2910003662,20.188999176,20.1669998169,20.2539997101,20.079000473,star
19.3369998932,17.3260002136,16.4190006256,16.1289997101,15.9320001602,star
19.7189998627,18.7859992981,18.3880004883,18.2310009003,18.2460002899,star
18.0009994507,16.6180000305,15.9689998627,15.7189998627,15.6000003815,star
18.079000473,16.9549999237,16.4319992065,16.1739997864,16.0310001373,star
18.2430000305,17.4050006866,17.0550003052,16.9290008545,16.9409999847,star
19.1459999084,17.4920005798,16.8589992523,16.5860004425,16.4610004425,star
20.0750007629,19.1299991608,18.8920001984,18.7509994507,18.7059993744,star
18.7460002899,17.2019996643,16.4449996948,16.1770000458,15.9750003815,star
20.2460002899,19.3540000916,19.0130004883,18.8619995117,18.8040008545,star
19.204000473,17.8330001831,17.156999588,16.8460006714,16.7210006714,star
19.4309997559,18.2700004578,17.7439994812,17.6000003815,17.5069999695,star
20.5200004578,19.438999176,18.9619998932,18.7579994202,18.6560001373,star
19.1159992218,18.0340003967,17.7689990997,17.6989994049,17.6790008545,star
18.9459991455,17.9290008545,17.3950004578,17.1779994965,17.0510005951,star
18.1219997406,16.6800003052,16.1490001678,15.9759998322,15.8819999695,star
18.3169994354,16.7779998779,16.0680007935,15.7950000763,15.6120004654,star
18.1849994659,15.9549999237,15.0430002213,14.6540002823,14.4630002975,star
17.9109992981,16.9050006866,16.5349998474,16.4239997864,16.3710002899,star
16.7980003357,15.8900003433,15.5679998398,15.4029998779,15.3979997635,star
20.5009994507,19.658000946,19.3090000153,19.172000885,19.0559997559,star
19.1760005951,17.3320007324,16.6340007782,16.3409996033,16.1919994354,star
16.1730003357,15.3009996414,14.8859996796,14.7299995422,14.704000473,star
19.7520008087,18.7740001678,18.375,18.2490005493,18.2479991913,star
16.9610004425,15.5710000992,15.0710000992,14.8660001755,14.8009996414,star
18.5739994049,17.0599994659,16.5009994507,16.3220005035,16.297000885,star
16.5559997559,15.7119998932,15.404999733,15.2760000229,15.2559995651,star
19.2840003967,18.3400001526,18.172000885,18.188999176,18.2390003204,star
17.0529994965,15.2700004578,14.7620000839,14.611000061,14.5240001678,star
20.4230003357,18.938999176,18.4290008545,18.2910003662,18.188999176,star
17.8999996185,16.3159999847,15.7969999313,15.593000412,15.5209999084,star
20.6730003357,19.3479995728,18.8269996643,18.6359996796,18.5,star
17.7689990997,16.6289997101,16.6240005493,16.6380004883,16.6770000458,star
17.3390007019,16.3040008545,15.9189996719,15.7980003357,15.7580003738,star
18.7229995728,17.5130004883,16.9780006409,16.7569999695,16.6399993896,star
17.5039997101,16.436000824,15.9870004654,15.8269996643,15.748000145,star
18.1399993896,17.1140003204,16.952999115,16.8840007782,16.8980007172,star
17.5300006866,16.6630001068,16.4029998779,16.3250007629,16.3269996643,star
16.8680000305,15.7469997406,15.4340000153,15.3020000458,15.2489995956,star
17.4050006866,16.3439998627,15.9420003891,15.8350000381,15.7930002213,star
17.5869998932,16.6830005646,16.388999939,16.2789993286,16.236000061,star
20.3330001831,18.4290008545,17.6159992218,17.2870006561,17.1280002594,star
17.3990001678,16.4990005493,16.2490005493,16.1669998169,16.1630001068,star
21.3630008698,19.9640007019,19.406999588,19.1940002441,19.0419998169,star
18.9939994812,17.6520004272,17.1469993591,16.9920005798,16.8229999542,star
20.8540000916,19.0160007477,18.3169994354,18.0580005646,18.0009994507,star
18.7469997406,17.7479991913,17.6270008087,17.6100006104,17.6459999084,star
21.579000473,19.3850002289,18.4559993744,18.1030006409,17.8719997406,star
19.2199993134,17.5629997253,16.7759990692,16.4780006409,16.2889995575,star
21.0900001526,19.7989997864,19.2110004425,19.0090007782,18.843000412,star
21.686000824,19.3589992523,18.3689994812,18.0039997101,17.843000412,star
17.6439990997,16.3880004883,15.9429998398,15.8240003586,15.8339996338,star
19.1079998016,17.4489994049,16.8239994049,16.5990009308,16.5160007477,star
18.7110004425,17.8409996033,17.5419998169,17.4039993286,17.388999939,star
21.0580005646,18.9969997406,18.1340007782,17.8479995728,17.6469993591,star
17.5279998779,16.392999649,15.8400001526,15.6160001755,15.4930000305,star
19.5890007019,18.2560005188,17.7380008698,17.5119991302,17.4340000153,star
20.7579994202,18.9610004425,18.3630008698,18.1240005493,18.033000946,star
18.3190002441,17.3330001831,16.9169998169,16.718000412,16.6439990997,star
19.7530002594,17.8910007477,17.1639995575,16.9409999847,16.7919998169,star
19.3439998627,18.2089996338,17.7600002289,17.561000824,17.4610004425,star
18.7910003662,17.7759990692,17.7810001373,17.8150005341,17.8910007477,star
18.6779994965,17.5149993896,17.5410003662,17.5769996643,17.6229991913,star
19.5450000763,18.1779994965,17.5629997253,17.341999054,17.186000824,star
18.9930000305,17.5489997864,17.0060005188,16.8180007935,16.7140007019,star
19.6690006256,18.3540000916,17.8980007172,17.7339992523,17.5729999542,star
18.486000061,17.3719997406,16.9920005798,16.8390007019,16.7719993591,star
19.9689998627,17.968000412,17.1259994507,16.8250007629,16.6319999695,star
19.1019992828,16.6299991608,15.5909996033,15.1809997559,15.0609998703,star
19.3050003052,17.0510005951,16.1359996796,15.7469997406,15.4919996262,star
16.8050003052,15.7670001984,15.513999939,15.5,15.4879999161,star
19.263999939,18.1809997559,17.841999054,17.7210006714,17.6660003662,star
17.0109996796,15.8039999008,15.6770000458,15.6520004272,15.6350002289,star
19.0020008087,17.3269996643,16.5680007935,16.3320007324,16.1219997406,star
17.3780002594,16.1119995117,16.0540008545,16.0879993439,16.1480007172,star
19.0020008087,17.9829998016,17.5,17.3150005341,17.172000885,star
20.327999115,19.1180000305,18.5380001068,18.3050003052,18.2329998016,star
16.0909996033,15.2119998932,14.9020004272,14.7749996185,14.7399997711,star
18.5769996643,16.1989994049,15.156999588,14.843000412,14.7010002136,star
16.7870006561,15.6969995499,15.4329996109,15.3579998016,15.3660001755,star
19.8950004578,18.7870006561,18.2609996796,18.0650005341,17.9979991913,star
20.218000412,19.1420001984,19.0240001678,18.9969997406,19.1560001373,star
16.6450004578,15.720000267,15.4630002975,15.3940000534,15.3800001144,star
19.1830005646,18.5499992371,18.2800006866,18.0030002594,18.0209999084,star
19.236000061,17.9419994354,17.2560005188,17.0529994965,16.8840007782,star
18.5709991455,17.4869995117,17.3619995117,17.327999115,17.3600006104,star
20.4710006714,19.4479999542,18.9459991455,18.8780002594,18.7399997711,star
19.8959999084,17.8990001678,17.1590003967,16.8500003815,16.7619991302,star
19.6690006256,18.5849990845,18.3050003052,18.1940002441,18.1819992065,star
19.2670001984,18.3159999847,17.9559993744,17.8159999847,17.7509994507,star
20.8470001221,19.3829994202,18.7810001373,18.5400009155,18.4740009308,star
20.4750003815,18.2129993439,17.1450004578,16.7490005493,16.5100002289,star
19.7049999237,18.6210002899,18.1979999542,18.0979995728,18.0569992065,star
18.8180007935,17.1809997559,16.4109992981,16.125,16.0069999695,star
18.9379997253,17.8349990845,17.7140007019,17.6299991608,17.6420001984,star
18.5879993439,17.5370006561,17.1369991302,17.0149993896,16.9810009003,star
18.3670005798,16.6760005951,15.9829998016,15.734000206,15.5889997482,star
19.5690002441,18.4580001831,18.0240001678,17.8829994202,17.7730007172,star
19.9039993286,17.6800003052,16.7229995728,16.3980007172,16.2080001831,star
20.0869998932,19.0450000763,18.5699996948,18.3369998932,18.2770004272,star
18.8719997406,17.7929992676,17.4109992981,17.2810001373,17.142999649,star
19.2460002899,18.3239994049,18.061000824,17.9559993744,17.9349994659,star
21.1019992828,19.6809997559,19.033000946,18.7549991608,18.5869998932,star
19.0599994659,18.2000007629,17.9810009003,17.9009990692,17.9459991455,star
16.6350002289,15.6680002213,15.3599996567,15.2760000229,15.234000206,star
17.7919998169,16.4340000153,15.8990001678,15.7589998245,15.6940002441,star
19.6140003204,18.6830005646,18.4020004272,18.295999527,18.2700004578,star
19.283000946,17.063999176,16.1119995117,15.7760000229,15.5780000687,star
17.3040008545,15.7130002975,15.1420001984,14.9420003891,14.906999588,star
19.4440002441,18.0729999542,17.3460006714,17.0590000153,16.8859996796,star
18.4279994965,16.9050006866,16.2689990997,15.9829998016,15.8719997406,star
16.3400001526,14.7880001068,14.2720003128,14.1049995422,14.0349998474,star
20.8819999695,19.716999054,19.2310009003,18.9939994812,18.8850002289,star
19.3980007172,18.2649993896,18.0429992676,17.9939994812,17.9759998322,star
19.436000824,18.3379993439,17.8479995728,17.6310005188,17.533000946,star
17.033000946,15.779999733,15.5129995346,15.4040002823,15.3660001755,star
17.0039997101,16.1219997406,15.7919998169,15.7010002136,15.6870002747,star
20.5429992676,19.2619991302,18.736000061,18.5599994659,18.4629993439,star
19.591999054,18.5149993896,18.1350002289,17.9740009308,17.9449996948,star
18.688999176,17.6329994202,17.1599998474,16.9610004425,16.8780002594,star
19.2900009155,18.388999939,18.0979995728,17.9459991455,17.9050006866,star
18.7150001526,17.5590000153,17.0680007935,16.8910007477,16.8269996643,star
20.4489994049,19.5209999084,19.0200004578,18.8360004425,18.6809997559,star
20.8479995728,19.6620006561,19.1130008698,18.8959999084,18.7119998932,star
20.204000473,19.0219993591,18.4190006256,18.1620006561,18.033000946,star
17.1550006866,16.077999115,15.720000267,15.5970001221,15.607000351,star
20.3220005035,19.3339996338,19.0009994507,18.8549995422,18.7380008698,star
19.1760005951,17.6159992218,17.033000946,16.7910003662,16.6909999847,star
19.5160007477,18.5349998474,18.0480003357,17.8700008392,17.843000412,star
19.3969993591,18.4969997406,18.0820007324,17.9510002136,17.8980007172,star
16.9589996338,16.2199993134,15.4060001373,15.2869997025,15.2270002365,star
19.3810005188,18.2399997711,17.688999176,17.5090007782,17.3700008392,star
20.2399997711,19.1329994202,18.9260005951,18.8959999084,18.9290008545,star
20.4409999847,19.2569999695,18.8349990845,18.6669998169,18.6119995117,star
20.3010005951,19.3159999847,18.9319992065,18.8229999542,18.7859992981,star
20.4099998474,19.4200000763,19.4139995575,19.5580005646,19.5370006561,star
19.7989997864,18.7490005493,18.2800006866,18.1350002289,18.0499992371,star
21.2310009003,19.8010005951,19.1480007172,18.888999939,18.7740001678,star
19.3500003815,18.2549991608,17.8150005341,17.6499996185,17.6219997406,star
19.2280006409,18.3449993134,18.093000412,17.9969997406,17.9120006561,star
19.6329994202,18.6130008698,18.1340007782,17.936000824,17.8010005951,star
19.343000412,18.3040008545,17.8789997101,17.7609996796,17.6499996185,star
19.5100002289,17.7999992371,16.9780006409,16.6319999695,16.4169998169,star
21.2619991302,19.0510005951,17.922000885,17.311000824,17.0400009155,star
19.2649993896,18.1079998016,17.5830001831,17.4640007019,17.2759990692,star
18.6030006409,17.6520004272,17.5620002747,17.5450000763,17.5970001221,star
20.1200008392,19.2089996338,18.732000351,18.5659999847,18.4960002899,star
18.7849998474,17.2660007477,16.5869998932,16.3579998016,16.2220001221,star
19.5620002747,18.3969993591,17.9349994659,17.7619991302,17.6849994659,star
19.343000412,18.1200008392,17.547000885,17.3059997559,17.1959991455,star
18.593000412,16.9130001068,16.2250003815,15.968000412,15.8950004578,star
18.8780002594,17.5699996948,17.5289993286,17.5300006866,17.5020008087,star
19.4020004272,17.7390003204,16.9610004425,16.670999527,16.4309997559,star
18.6009998322,16.7649993896,15.7910003662,15.2950000763,14.9600000381,star
19.7369995117,18.5890007019,18.0540008545,17.861000061,17.7779998779,star
20.1159992218,19.1499996185,18.8700008392,18.7940006256,18.7719993591,star
17.3439998627,16.297000885,15.9239997864,15.7939996719,15.7539997101,star
19.8020000458,18.2059993744,17.4950008392,17.1879997253,17.1019992828,star
17.2089996338,16.297000885,15.904999733,15.7620000839,15.7469997406,star
20.3589992523,19.6030006409,19.236000061,19.0979995728,18.9419994354,star
19.8129997253,18.6270008087,18.138999939,17.9489994049,17.8630008698,star
20.3920001984,18.3229999542,17.8120002747,17.2940006256,17.1620006561,star
20.079000473,18.8869991302,18.4190006256,18.2770004272,18.188999176,star
20.579000473,19.7420005798,19.4699993134,19.3400001526,19.3150005341,star
20.3400001526,19.1550006866,18.6270008087,18.4249992371,18.3379993439,star
19.5799999237,18.0219993591,17.3939990997,17.1189994812,16.9930000305,star
19.6790008545,18.6410007477,18.1900005341,18.033000946,17.9799995422,star
19.920999527,19.0499992371,18.6979999542,18.563999176,18.5569992065,star
18.8950004578,17.4139995575,16.704000473,16.4790000916,16.3320007324,star
19.8780002594,18.7740001678,18.341999054,18.1329994202,18.0540008545,star
19.8059997559,18.343000412,17.7210006714,17.438999176,17.2889995575,star
19.6909999847,17.6469993591,16.813999176,16.6119995117,16.3810005188,star
20.1949996948,19.2089996338,18.6819992065,18.4759998322,18.3999996185,star
18.8349990845,17.343000412,16.6949996948,16.436000824,16.2759990692,star
19.954000473,19.2420005798,18.8490009308,18.7619991302,18.6329994202,star
17.0149993896,16.138999939,15.8030004501,15.6510000229,15.6450004578,star
20.3339996338,18.6240005493,18.0130004883,17.8050003052,17.718000412,star
20.6480007172,19.0039997101,18.2999992371,18.0240001678,17.8689994812,star
18.1819992065,17.3999996185,17.0060005188,16.8299999237,16.7849998474,star
18.7409992218,17.9610004425,17.6280002594,17.5410003662,17.5279998779,star
18.5750007629,16.9799995422,16.2339992523,15.9010000229,15.7270002365,star
17.5939998627,16.3309993744,15.7449998856,15.4580001831,15.3389997482,star
18.1170005798,16.6000003815,15.8240003586,15.5920000076,15.3970003128,star
18.2290000916,17.1189994812,16.638999939,16.4260005951,16.3159999847,star
19.7619991302,18.9190006256,18.6509990692,18.5130004883,18.5480003357,star
18.4880008698,17.6130008698,17.3670005798,17.2110004425,17.1770000458,star
19.797000885,18.9650001526,18.7059993744,18.6259994507,18.5520000458,star
18.7649993896,17.7210006714,17.1679992676,16.938999176,16.7929992676,star
19.6930007935,18.5890007019,18.1739997864,18.031999588,17.9880008698,star
19.8269996643,18.9029998779,18.5349998474,18.4060001373,18.3630008698,star
19.3209991455,18.0820007324,17.513999939,17.2779998779,17.1140003204,star
20.8899993896,19.954000473,19.5830001831,19.4449996948,19.3910007477,star
19.5799999237,18.531999588,18.2189998627,18.1170005798,18.0860004425,star
19.5510005951,18.4909992218,17.9769992828,17.8029994965,17.7299995422,star
19.9890003204,19.1480007172,18.8530006409,18.783000946,18.763999939,star
19.3369998932,17.2189998627,16.3649997711,15.9910001755,15.8299999237,star
16.7880001068,15.7069997787,15.4519996643,15.3680000305,15.3649997711,star
18.6480007172,17.2229995728,16.7189998627,16.533000946,16.4850006104,star
20.0209999084,19.1630001068,18.8239994049,18.7150001526,18.6620006561,star
16.6800003052,15.7469997406,15.2989997864,15.1330003738,15.0349998474,star
19.9890003204,18.1180000305,17.3229999542,17.0569992065,16.888999939,star
18.3899993896,17.438999176,16.968000412,16.8090000153,16.7980003357,star
19.3689994812,18.3260002136,17.9769992828,17.8799991608,17.8719997406,star
20.4740009308,19.142999649,18.5130004883,18.3460006714,18.281999588,star
16.6219997406,15.5649995804,15.3850002289,15.3439998627,15.4090003967,star
19.4270000458,18.4449996948,17.9890003204,17.7740001678,17.6909999847,star
18.7070007324,17.5890007019,17.1669998169,17.0039997101,16.9290008545,star
20.5,19.341999054,18.767999649,18.5209999084,18.4409999847,star
17.2619991302,15.8979997635,15.3070001602,15.0609998703,14.968000412,star
19.6200008392,18.5979995728,18.2579994202,18.156999588,18.1690006256,star
18.422000885,16.5030002594,15.7709999084,15.5389995575,15.4300003052,star
19.5289993286,18.6319999695,18.2250003815,18.045999527,17.966999054,star
20.5559997559,19.4470005035,18.9309997559,18.7689990997,18.7290000916,star
19.6970005035,18.625,18.1259994507,17.9130001068,17.8330001831,star
20.3020000458,18.3540000916,17.4780006409,17.1800003052,16.9759998322,star
20.4780006409,18.0170001984,17.0839996338,16.7450008392,16.5729999542,star
18.1280002594,17.0909996033,16.8400001526,16.716999054,16.6979999542,star
19.920999527,18.438999176,17.8910007477,17.686000824,17.5769996643,star
16.75,15.7969999313,15.5200004578,15.3920001984,15.3579998016,star
19.3969993591,18.2950000763,17.7240009308,17.4580001831,17.313999176,star
20.2530002594,19.375,19.1369991302,19.013999939,18.9780006409,star
19.466999054,18.4039993286,17.8519992828,17.6790008545,17.5820007324,star
17.7369995117,16.7800006866,16.486000061,16.388999939,16.3910007477,star
19.4050006866,18.3369998932,17.9729995728,17.827999115,17.8020000458,star
20.688999176,18.9239997864,18.216999054,17.9430007935,17.8349990845,star
19.9330005646,17.9340000153,17.107000351,16.9400005341,16.6669998169,star
16.8460006714,15.2670001984,14.6450004578,14.4849996567,14.3900003433,star
18.4430007935,17.4890003204,17.357000351,17.3649997711,17.4060001373,star
17.1609992981,16.1119995117,15.6300001144,15.4499998093,15.2989997864,star
20.3959999084,19.486000061,18.9780006409,18.8309993744,18.6609992981,star
18.7369995117,17.2619991302,16.6900005341,16.5,16.3880004883,star
16.3309993744,15.1309995651,14.8159999847,14.704000473,14.6870002747,star
16.8649997711,15.8959999084,15.5039997101,15.3380002975,15.248000145,star
17.9519996643,16.6079998016,15.9250001907,15.704000473,15.5480003357,star
18.0520000458,16.9990005493,16.6229991913,16.4449996948,16.452999115,star
18.9720001221,18.0949993134,17.8159999847,17.718000412,17.6909999847,star
17.6730003357,15.9379997253,15.2609996796,15.015999794,14.8959999084,star
18.6590003967,17.6240005493,17.2619991302,17.1329994202,17.0620002747,star
21.2229995728,19.4829998016,18.7889995575,18.4950008392,18.3180007935,star
19.8899993896,18.545999527,17.8899993896,17.5799999237,17.4419994354,star
21.4909992218,19.1410007477,18.1310005188,17.7929992676,17.6030006409,star
19.875,18.7789993286,18.3470001221,18.1450004578,18.0510005951,star
20.0820007324,18.6529998779,17.966999054,17.6739997864,17.4699993134,star
20.6079998016,19.3659992218,18.8509998322,18.6089992523,18.4479999542,star
18.9379997253,17.4459991455,16.75,16.438999176,16.1879997253,star
21.6739997864,19.9309997559,18.9270000458,18.4589996338,18.2549991608,star
19.0970001221,17.4699993134,16.5809993744,16.1229991913,15.8420000076,star
18.6060009003,17.6490001678,17.2940006256,17.142999649,17.0669994354,star
22.5189990997,20.3360004425,19.3479995728,18.9839992523,18.7709999084,star
20.6739997864,19.1870002747,18.4990005493,18.218000412,18.0729999542,star
18.8239994049,17.9470005035,17.3630008698,17.2630004883,17.236000061,star
17.0580005646,15.7670001984,15.2469997406,15.0690002441,14.998000145,star
18.6560001373,17.468000412,17.0109996796,16.8159999847,16.7329998016,star
19.7910003662,18.2299995422,17.6049995422,17.3649997711,17.2660007477,star
20.513999939,18.4710006714,17.236000061,16.6149997711,16.2549991608,star
19.8320007324,17.3470001221,16.0960006714,15.5030002594,15.0900001526,star
18.8369998932,17.2789993286,16.7450008392,16.561000824,16.4829998016,star
18.6679992676,17.392999649,16.8630008698,16.7010002136,16.6189994812,star
19.7999992371,17.452999115,16.4190006256,16.0760002136,15.859000206,star
20.4400005341,18.9699993134,18.2399997711,17.9139995575,17.7189998627,star
18.767999649,17.6830005646,17.4319992065,17.3490009308,17.3519992828,star
19.9139995575,18.9960002899,18.5760002136,18.4400005341,18.3780002594,star
19.1529998779,18.1030006409,17.6550006866,17.4890003204,17.392999649,star
19.3530006409,18.4650001526,18.1450004578,17.9979991913,17.9640007019,star
21.1159992218,19.3950004578,18.5799999237,18.2439994812,18.0219993591,star
19.5709991455,17.8969993591,17.1319999695,16.7700004578,16.5849990845,star
19.8239994049,18.6189994812,18.0990009308,17.8950004578,17.781999588,star
20.9880008698,19.8680000305,19.3789997101,19.1840000153,19.0699996948,star
20.1119995117,18.8299999237,18.3099994659,18.0739994049,17.968000412,star
18.1550006866,16.8050003052,16.283000946,16.0809993744,16.158000946,star
16.7719993591,15.6140003204,15.3170003891,15.251999855,15.2449998856,star
19.6970005035,18.6490001678,18.2070007324,18.0349998474,17.9780006409,star
18.5230007172,16.4379997253,15.6370000839,15.3950004578,15.2790002823,star
17.341999054,16.1760005951,15.984000206,15.8970003128,15.9079999924,star
20.2350006104,18.857000351,18.2399997711,17.9880008698,17.9330005646,star
20.388999939,19.3729991913,18.954000473,18.7569999695,18.7430000305,star
17.2290000916,16.2929992676,15.861000061,15.7309999466,15.7010002136,star
20.0709991455,18.7800006866,18.2369995117,18.0629997253,17.9729995728,star
17.7380008698,16.6380004883,16.3080005646,16.1840000153,16.1779994965,star
20.1930007935,18.6979999542,18.1000003815,17.9169998169,17.7539997101,star
19.9160003662,18.4850006104,17.8229999542,17.5559997559,17.4340000153,star
19.2280006409,18.2119998932,17.7779998779,17.6240005493,17.5400009155,star
19.7129993439,18.3059997559,17.670999527,17.4419994354,17.3299999237,star
19.3789997101,18.1690006256,17.5799999237,17.3659992218,17.2740001678,star
20.5,18.2880001068,17.3850002289,17.0729999542,16.8600006104,star
19.6660003662,18.4689998627,17.9750003815,17.8560009003,17.7579994202,star
20.0540008545,18.7019996643,18.1529998779,17.9729995728,17.8519992828,star
18.1289997101,17.2019996643,16.8819999695,16.7859992981,16.7569999695,star
18.7770004272,17.3819999695,16.8120002747,16.6019992828,16.513999939,star
20.357000351,18.5699996948,17.8169994354,17.4729995728,17.2430000305,star
18.482000351,17.3069992065,16.8229999542,16.7199993134,16.6539993286,star
17.6599998474,16.3390007019,15.8360004425,15.6339998245,15.5839996338,star
19.5760002136,18.6490001678,18.2220001221,18.0540008545,18.0289993286,star
19.8999996185,18.486000061,17.841999054,17.6170005798,17.4710006714,star
19.3789997101,17.8269996643,17.1870002747,16.966999054,16.7989997864,star
18.7800006866,16.8670005798,15.9530000687,15.5909996033,15.4320001602,star
19.138999939,17.0979995728,16.2390003204,15.9630002975,15.8050003052,star
18.0100002289,16.4309997559,16.0130004883,15.8780002594,15.8210000992,star
17.5550003052,16.5049991608,16.3850002289,16.3619995117,16.4120006561,star
19.5060005188,18.3589992523,17.8260002136,17.5849990845,17.533000946,star
19.9799995422,19.1350002289,18.6630001068,18.4810009003,18.420999527,star
18.327999115,17.3509998322,16.9890003204,16.8460006714,16.8020000458,star
20.2919998169,19.3099994659,18.938999176,18.8190002441,18.7490005493,star
19.172000885,18.2269992828,17.9440002441,17.8530006409,17.8269996643,star
19.6779994965,18.2840003967,17.7140007019,17.4780006409,17.3780002594,star
20.5569992065,19.625,19.186000824,19.0489997864,19.0650005341,star
18.9050006866,16.7420005798,15.8149995804,15.5380001068,15.376999855,star
19.7889995575,18.5739994049,18.0620002747,17.8950004578,17.7989997864,star
18.3360004425,16.8379993439,16.2700004578,16.0300006866,15.9270000458,star
19.4279994965,18.5230007172,18.2919998169,18.1280002594,18.1140003204,star
19.8799991608,18.7329998016,18.716999054,18.7630004883,18.8180007935,star
18.7290000916,17.0620002747,16.829000473,16.5249996185,16.4659996033,star
19.5300006866,18.3680000305,17.9279994965,17.7479991913,17.7049999237,star
17.6350002289,16.3619995117,15.8400001526,15.6490001678,15.5819997787,star
18.8150005341,17.7010002136,17.2049999237,17.0419998169,16.9740009308,star
20.313999176,19.2450008392,18.7229995728,18.5410003662,18.4489994049,star
17.6639995575,16.7700004578,16.5069999695,16.4120006561,16.4449996948,star
18.5,17.4470005035,17.013999939,16.8710002899,16.8729991913,star
17.4990005493,17.0960006714,17.0769996643,17.1350002289,17.2840003967,star
18.3880004883,17.2840003967,16.892999649,16.7590007782,16.7430000305,star
19.063999176,17.966999054,17.4689998627,17.3050003052,17.2549991608,star
19.5659999847,18.343000412,17.7129993439,17.5079994202,17.3999996185,star
18.0970001221,17.1550006866,16.8829994202,16.7740001678,16.811000824,star
19.2290000916,18.0450000763,17.5879993439,17.420999527,17.3840007782,star
20.3819999695,18.1560001373,17.1660003662,16.8050003052,16.5580005646,star
19.6040000916,18.7399997711,18.3540000916,18.2350006104,18.2099990845,star
17.4549999237,16.5440006256,16.3120002747,16.2210006714,16.2240009308,star
20.5429992676,18.3689994812,17.4249992371,17.0809993744,16.9039993286,star
20.4090003967,19.4699993134,19.0569992065,18.9009990692,18.8250007629,star
17.9939994812,16.8670005798,16.5540008545,16.4769992828,16.4580001831,star
20.218000412,18.9519996643,18.4370002747,18.2630004883,18.1599998474,star
18.4570007324,17.6060009003,17.2810001373,17.1490001678,17.1280002594,star
18.6310005188,17.4029998779,16.857000351,16.6210002899,16.5090007782,star
18.5289993286,17.4479999542,17.0709991455,16.9370002747,16.8950004578,star
18.2220001221,17.0380001068,16.5130004883,16.3050003052,16.1970005035,star
19.6480007172,18.5279998779,18.5489997864,18.6469993591,18.7670001984,star
20.158000946,19.2469997406,18.8169994354,18.6609992981,18.6229991913,star
17.4720001221,16.6359996796,16.2509994507,16.093000412,16.0109996796,star
16.3449993134,14.751999855,14.1239995956,13.9549999237,13.8870000839,star
21.4400005341,19.857000351,19.2380008698,18.936000824,18.8050003052,star
21.0400009155,18.861000061,17.7259998322,17.2880001068,16.9930000305,star
19.8250007629,18.4200000763,17.8780002594,17.7250003815,17.6079998016,star
18.5809993744,17.0380001068,16.4099998474,16.1770000458,16.0979995728,star
17.3190002441,15.75,15.0670003891,14.7860002518,14.6339998245,star
19.1100006104,17.7280006409,17.1079998016,16.8710002899,16.7380008698,star
20.2600002289,18.8640003204,18.3029994965,18.1350002289,18.0419998169,star
19.9500007629,18.4090003967,17.8090000153,17.6019992828,17.5100002289,star
20.2609996796,18.8869991302,18.3229999542,18.1030006409,17.954000473,star
18.5359992981,17.2719993591,16.7070007324,16.5,16.3840007782,star
18.4909992218,16.7439994812,16.0830001831,15.8599996567,15.7589998245,star
20.0270004272,19.0939998627,18.7730007172,18.670999527,18.6229991913,star
21.6060009003,19.4249992371,18.4340000153,18.0750007629,17.813999176,star
18.422000885,16.8840007782,16.281999588,16.1100006104,16.0259990692,star
20.0729999542,18.6319999695,18.0049991608,17.920999527,17.922000885,star
20.3059997559,18.952999115,18.0820007324,17.9120006561,17.7059993744,star
18.1040000916,16.9689998627,16.9799995422,17.0240001678,17.093000412,star
20.5629997253,18.9020004272,18.1480007172,17.9150009155,17.7010002136,star
19.9440002441,18.3159999847,17.5970001221,17.327999115,17.172000885,star
19.9960002899,19.0410003662,18.6329994202,18.5009994507,18.3819999695,star
19.3519992828,18.0419998169,17.5130004883,17.281999588,17.218000412,star
19.0289993286,17.9029998779,17.4500007629,17.3840007782,17.3120002747,star
19.7840003967,18.6809997559,18.2150001526,17.968000412,17.8969993591,star
18.5979995728,16.9370002747,16.3150005341,16.0809993744,15.9750003815,star
20.2789993286,19.2600002289,18.7460002899,18.5349998474,18.468000412,star
18.8740005493,17.9769992828,17.6700000763,17.5650005341,17.5130004883,star
20.7420005798,18.7000007629,17.7940006256,17.4909992218,17.2810001373,star
19.2689990997,17.7940006256,17.1259994507,16.9099998474,16.7789993286,star
19.2380008698,17.0349998474,16.2129993439,15.888999939,15.7589998245,star
17.2070007324,15.6630001068,14.892999649,14.6140003204,14.5109996796,star
16.327999115,15.3059997559,14.9729995728,14.8549995422,14.8819999695,star
19.8029994965,18.9650001526,18.6259994507,18.5389995575,18.4699993134,star
19.577999115,18.5569992065,18.2670001984,18.1630001068,18.1499996185,star
20.0200004578,18.3260002136,17.7070007324,17.4109992981,17.357000351,star
20.5830001831,18.8129997253,18.1730003357,17.8780002594,17.7010002136,star
21.7259998322,19.9479999542,19.111000061,18.7859992981,18.561000824,star
19.7770004272,17.8199996948,17.1439990997,16.9409999847,16.7810001373,star
18.8159999847,17.4930000305,16.9519996643,16.7380008698,16.6679992676,star
19.8029994965,18.6119995117,18.1229991913,17.906999588,17.8029994965,star
20.9300003052,19.4710006714,18.8269996643,18.5769996643,18.4510002136,star
19.047000885,16.7740001678,16.4459991455,16.3180007935,16.2880001068,star
18.8799991608,18.5580005646,17.7420005798,17.2000007629,16.8129997253,star
18.7539997101,16.9479999542,16.2849998474,16.0419998169,15.954000473,star
17.0990009308,15.9870004654,15.5279998779,15.3540000916,15.2829999924,star
18.4130001068,17,16.406999588,16.1410007477,15.9619998932,star
19.1000003815,17.0289993286,16.6329994202,15.920999527,15.6940002441,star
19.297000885,18.3339996338,18.0219993591,17.9039993286,17.9009990692,star
18.3850002289,16.2849998474,15.4180002213,15.093000412,14.9169998169,star
19.732000351,18.9829998016,18.6970005035,18.611000061,18.5769996643,star
17.1439990997,15.9549999237,15.3199996948,15.1260004044,15.0260000229,star
19.5820007324,18.5540008545,18.1219997406,17.9580001831,17.936000824,star
18.5090007782,16.4039993286,15.609000206,15.3229999542,15.0889997482,star
19.8759994507,18.829000473,18.4409999847,18.2779998779,18.1399993896,star
21.1819992065,19.3980007172,18.5349998474,18.1319999695,17.8680000305,star
19.3990001678,18.0569992065,17.4039993286,17.1469993591,16.9300003052,star
19.3729991913,18.545999527,18.2240009308,18.1630001068,18.125,star
18.6509990692,17.0839996338,16.3479995728,16.0799999237,15.9239997864,star
19.3330001831,17.5240001678,16.7569999695,16.4319992065,16.2740001678,star
20.8540000916,19.6550006866,19.1200008392,18.9249992371,18.8670005798,star
20.1560001373,19.2189998627,18.8959999084,18.7950000763,18.7619991302,star
19.5259990692,18.7390003204,18.5419998169,18.4239997864,18.531999588,star
18.5389995575,17.4810009003,17.3880004883,17.4260005951,17.4379997253,star
19.2110004425,18.2759990692,17.8910007477,17.8530006409,17.7409992218,star
20.517999649,19.4479999542,18.9570007324,18.7579994202,18.6849994659,star
20.111000061,19.1149997711,18.75,18.6509990692,18.5830001831,star
17.545999527,16.6819992065,16.4319992065,16.3549995422,16.3490009308,star
16.4239997864,15.2449998856,15.0059995651,14.9379997253,14.9250001907,star
19.5659999847,18.7549991608,18.4599990845,18.3390007019,18.3339996338,star
17.7290000916,16.3950004578,15.8800001144,15.6759996414,15.5850000381,star
18.341999054,17.3020000458,16.938999176,16.7989997864,16.7609996796,star
19.1770000458,17.7660007477,17.1270008087,16.8509998322,16.736000061,star
20.2329998016,17.8719997406,16.8090000153,16.4470005035,16.2579994202,star
19.2889995575,18.8020000458,18.6819992065,18.658000946,18.7299995422,star
19.6219997406,17.5860004425,16.7110004425,16.4139995575,16.2609996796,star
18.8220005035,17.6959991455,17.2430000305,17.0400009155,16.9930000305,star
16.8859996796,15.3959999084,14.8819999695,14.7259998322,14.6560001373,star
19.8880004883,19.0410003662,18.7000007629,18.5659999847,18.5370006561,star
18.9270000458,17.7350006104,17.4939994812,17.2530002594,17.2129993439,star
20.2240009308,18.5219993591,17.7450008392,17.422000885,17.2430000305,star
19.7670001984,18.5680007935,18.0279998779,17.8859996796,17.7290000916,star
20.1830005646,19.3799991608,19.0079994202,18.8920001984,18.8309993744,star
16.6779994965,15.1850004196,14.6280002594,14.4519996643,14.3439998627,star
17.3899993896,16.3959999084,16.0729999542,15.9689998627,15.9779996872,star
17.2099990845,16.3339996338,15.9650001526,15.7700004578,15.748000145,star
19.3299999237,18.3260002136,17.9060001373,17.6979999542,17.670999527,star
19.9270000458,19,18.7019996643,18.5699996948,18.5270004272,star
17.5879993439,16.6439990997,16.2059993744,16.0380001068,15.982000351,star
15.7810001373,15.5,15.5740003586,15.6300001144,15.7430000305,star
19.1170005798,17.7329998016,17.2099990845,16.9750003815,16.906999588,star
19.6520004272,18.6079998016,18.5559997559,18.607000351,18.593000412,star
18.1299991608,17.1089992523,16.7240009308,16.5849990845,16.5569992065,star
17.875,16.6089992523,16.1009998322,15.892999649,15.8229999542,star
17.6660003662,16.5750007629,16.3959999084,16.3829994202,16.3869991302,star
20.1959991455,18.9139995575,18.3470001221,18.0729999542,17.982000351,star
18.5149993896,17.3700008392,16.843000412,16.6189994812,16.5039997101,star
15.7290000916,14.6400003433,14.2309999466,14.123000145,14.1029996872,star
19.4489994049,18.3220005035,17.8819999695,17.6979999542,17.6399993896,star
18.9330005646,18.033000946,17.7010002136,17.5979995728,17.579000473,star
18.4740009308,17.7350006104,17.3530006409,17.2630004883,17.1630001068,star
18.1280002594,16.9960002899,16.5440006256,16.3950004578,16.3710002899,star
16.4379997253,15.1059999466,14.6379995346,14.4910001755,14.468000412,star
19.2460002899,18.3959999084,18.1879997253,18.1450004578,18.1599998474,star
17.9470005035,16.6350002289,15.9899997711,15.7690000534,15.6490001678,star
19.75,17.3220005035,16.1289997101,15.6040000916,15.25,star
19.8050003052,18.232000351,17.5809993744,17.3439998627,17.1919994354,star
21.1599998474,18.9290008545,17.9930000305,17.611000061,17.3670005798,star
19.2019996643,18.0750007629,17.5289993286,17.3330001831,17.2019996643,star
17.6849994659,16.5760002136,16.1830005646,16.0709991455,16.0340003967,star
18.3180007935,17.3579998016,16.8969993591,16.6900005341,16.5429992676,star
17.5149993896,16.6289997101,16.1790008545,16.0289993286,15.9600000381,star
18.7539997101,17.7409992218,17.2609996796,17.0839996338,17.0170001984,star
19.6989994049,18.4270000458,17.9130001068,17.6630001068,17.5979995728,star
18.688999176,17.6019992828,17.1749992371,17.0300006866,16.9610004425,star
17.9909992218,16.607000351,16.0960006714,15.920999527,15.8210000992,star
19.9990005493,18.658000946,18.125,17.8899993896,17.7740001678,star
17.8449993134,16.7689990997,16.2390003204,16.0230007172,15.8970003128,star
18.5230007172,17.6509990692,17.2290000916,17.1019992828,17.0300006866,star
19.8589992523,18.638999939,18.017999649,17.8349990845,17.686000824,star
17.4890003204,16.0279998779,15.4589996338,15.2589998245,15.2049999237,star
20.7369995117,18.6060009003,17.561000824,17.186000824,16.8990001678,star
19.7600002289,17.8899993896,17.0620002747,16.7539997101,16.5650005341,star
19.591999054,17.9720001221,17.2019996643,16.8810005188,16.7919998169,star
18.1949996948,16.8180007935,16.3020000458,16.0529994965,15.9359998703,star
18.3549995422,17.3759994507,16.9850006104,16.8530006409,16.811000824,star
19.0189990997,17.0680007935,16.3309993744,16.0550003052,15.8879995346,star
17.3850002289,15.8620004654,15.2239999771,15.0209999084,14.9200000763,star
19.6399993896,17.966999054,17.2369995117,16.9400005341,16.8360004425,star
19.7810001373,18.5970001221,18.138999939,17.9729995728,17.922000885,star
21.263999939,19.6830005646,18.9109992981,18.5440006256,18.3490009308,star
20.8250007629,20.0289993286,19.5149993896,19.313999176,19.2590007782,star
18.468000412,17.2240009308,16.7350006104,16.5569992065,16.4479999542,star
18.1140003204,16.2479991913,15.5279998779,15.2860002518,15.1770000458,star
18.9260005951,17.6459999084,17.531999588,17.5060005188,17.5450000763,star
19.8360004425,18.829000473,18.5550003052,18.4340000153,18.4139995575,star
16.4769992828,15.295999527,14.9119997025,14.7460002899,14.6909999847,star
19.8269996643,17.952999115,17.2350006104,16.9500007629,16.7980003357,star
19.7980003357,18.2609996796,17.6840000153,17.4519996643,17.3840007782,star
19.8589992523,17.827999115,17.0259990692,16.7569999695,16.6200008392,star
17.9039993286,16.9559993744,16.5799999237,16.4270000458,16.3899993896,star
16.5809993744,15.4099998474,15.1689996719,15.0920000076,15.0850000381,star
19.0200004578,17.5240001678,16.9419994354,16.7460002899,16.6760005951,star
20.4810009003,19.2089996338,18.593000412,18.3829994202,18.2649993896,star
20.1499996185,19.1609992981,18.8689994812,18.7509994507,18.8659992218,star
20.8349990845,19.4029998779,18.7099990845,18.4370002747,18.3740005493,star
17.75,16.7019996643,16.3379993439,16.2259998322,16.1800003052,star
20.4880008698,19.1930007935,18.6660003662,18.4740009308,18.3880004883,star
18.3490009308,17.5119991302,17.0200004578,16.8150005341,16.7479991913,star
20.8409996033,19.0510005951,18.2490005493,17.9610004425,17.7840003967,star
18.3789997101,16.9500007629,16.357000351,16.1229991913,16.0090007782,star
18.2430000305,17.343000412,16.9930000305,16.8700008392,16.8159999847,star
16.281999588,15.2910003662,14.9910001755,14.9359998703,14.9370002747,star
20.6159992218,19.5189990997,18.8829994202,18.6210002899,18.4430007935,star
19.3379993439,17.7290000916,16.5170001984,16.047000885,15.7349996567,star
20.9270000458,19.533000946,18.8260002136,18.5200004578,18.3509998322,star
20.6959991455,18.795999527,17.7609996796,17.361000061,17.111000061,star
19.8379993439,18.2439994812,17.4729995728,17.1630001068,16.9589996338,star
17.7310009003,16.4990005493,16.0900001526,16.0949993134,15.9499998093,star
17.9659996033,17.4559993744,16.6399993896,16.5359992981,16.5009994507,star
16.4950008392,15.2030000687,14.7309999466,14.5469999313,14.5389995575,star
18.0900001526,16.611000061,16.0020008087,15.7840003967,15.6750001907,star
17.5270004272,16.0049991608,15.3280000687,15.0989999771,14.9630002975,star
18.6919994354,17.1870002747,16.5990009308,16.4109992981,16.3059997559,star
19.4190006256,18.3209991455,17.7849998474,17.5659999847,17.4880008698,star
18.0020008087,17.0419998169,16.7159996033,16.5970001221,16.5599994659,star
19.8789997101,18.0720005035,17.3869991302,17.1219997406,17.0419998169,star
16.2450008392,15.1479997635,14.9239997864,14.8579998016,14.8579998016,star
17.2800006866,16.3330001831,16.0659999847,15.9390001297,15.8920001984,star
17.4190006256,15.7469997406,15.0220003128,14.7670001984,14.6330003738,star
18.7089996338,17.2420005798,16.7089996338,16.6369991302,16.5830001831,star
19.8899993896,17.5760002136,16.4720001221,15.9940004349,15.6920003891,star
18.8190002441,17.2619991302,16.6009998322,16.3330001831,16.1959991455,star
21.2579994202,19.8439998627,19.2579994202,19.0060005188,18.8759994507,star
17.1979999542,15.7670001984,15.1999998093,14.9890003204,14.876999855,star
18.6819992065,17.5419998169,17.3330001831,17.3269996643,17.3460006714,star
18.6439990997,17.4580001831,17.2800006866,17.2450008392,17.2290000916,star
18.4880008698,16.702999115,15.9320001602,15.6579999924,15.5050001144,star
18.482000351,16.954000473,16.3859996796,16.1819992065,16.0769996643,star
18.406999588,16.2490005493,15.3669996262,14.9460000992,14.7089996338,star
19.3020000458,17.5389995575,16.8460006714,16.5,16.3500003815,star
20.5799999237,19.5419998169,18.9599990845,18.7210006714,18.5809993744,star
17.7290000916,16.2439994812,15.4969997406,15.1960000992,15.0190000534,star
16.8379993439,15.875,15.5480003357,15.4099998474,15.3940000534,star
18.077999115,16.5729999542,16.0100002289,15.845000267,15.8039999008,star
17.531999588,16.0729999542,15.3439998627,14.9770002365,14.8030004501,star
18.4489994049,16.1219997406,15.1969995499,14.843000412,14.7250003815,star
20.0900001526,19.1539993286,18.7240009308,18.5699996948,18.4169998169,star
21.4990005493,19.5620002747,18.6790008545,18.3379993439,18.1229991913,star
18.0209999084,16.9729995728,16.607000351,16.4629993439,16.4169998169,star
23.452999115,20.3320007324,19.3600006104,18.8659992218,18.6340007782,star
20.297000885,18.8229999542,18.0699996948,17.6800003052,17.4710006714,star
18.6459999084,17.1490001678,16.4750003815,16.1620006561,16.013999939,star
18.5659999847,17.1439990997,16.5370006561,16.2689990997,16.1319999695,star
20.8299999237,19.4960002899,18.9370002747,18.6499996185,18.4169998169,star
17.9990005493,16.6280002594,16.0240001678,15.8070001602,15.6879997253,star
20.7740001678,19.4729995728,18.8980007172,18.6119995117,18.4880008698,star
18.6539993286,17.5300006866,17.1240005493,16.9689998627,16.9319992065,star
18.8169994354,16.954000473,16.0960006714,15.763999939,15.5659999847,star
16.9890003204,15.6239995956,15.0270004272,14.7629995346,14.7259998322,star
19.1959991455,18.1439990997,18,17.9419994354,17.9909992218,star
17.0370006561,16.0400009155,15.718000412,15.5530004501,15.5229997635,star
21.3330001831,19.9640007019,19.4249992371,19.2539997101,19.031999588,star
18.5709991455,16.4169998169,15.6079998016,15.2690000534,15.1280002594,star
15.6689996719,14.361000061,14.2700004578,14.2840003967,14.3269996643,star
19.6140003204,17.593000412,16.6870002747,16.2889995575,16.0300006866,star
19.9349994659,18.5559997559,17.9899997711,17.7390003204,17.6089992523,star
17.8069992065,16.7479991913,16.3409996033,16.2129993439,16.1879997253,star
17.5410003662,15.7629995346,15.0129995346,14.6400003433,14.6009998322,star
19.4449996948,17.8810005188,17.216999054,16.9990005493,16.8150005341,star
20.2450008392,19.2059993744,19.0760002136,19.0869998932,19.1089992523,star
20.1469993591,18.4459991455,17.638999939,17.3069992065,17.1259994507,star
19.125,17.7010002136,17.1660003662,16.9610004425,16.8320007324,star
19.6380004883,18.5079994202,18.0869998932,17.9330005646,17.8159999847,star
20.2980003357,19.0559997559,18.9239997864,18.8789997101,18.8719997406,star
19.5949993134,18.0160007477,17.170999527,16.9279994965,16.7859992981,star
17.4489994049,16.420999527,16.0629997253,15.9490003586,15.9379997253,star
21.0109996796,18.6560001373,17.563999176,17.1819992065,16.9810009003,star
20.5419998169,18.7789993286,18.1140003204,17.8589992523,17.7010002136,star
19.7390003204,18.6639995575,18.4969997406,18.4729995728,18.5060005188,star
19.7859992981,17.7539997101,16.9909992218,16.7210006714,16.547000885,star
18.2800006866,17.0499992371,16.8840007782,16.8819999695,16.8330001831,star
20.0659999847,19.1210002899,18.579000473,18.3409996033,18.3150005341,star
17.7460002899,16.5599994659,16.1089992523,15.9230003357,15.892999649,star
19.4939994812,18.1410007477,17.6329994202,17.3999996185,17.3050003052,star
20.4599990845,19.0750007629,18.3349990845,18.1420001984,17.9309997559,star
19.216999054,18.0279998779,17.517999649,17.2520008087,17.1539993286,star
19.8920001984,18.4050006866,17.8700008392,17.6870002747,17.6259994507,star
20.9120006561,19.8490009308,19.2980003357,19.0529994965,19.0380001068,star
18.658000946,17.6550006866,17.2070007324,17.0259990692,17.0079994202,star
17.0559997559,16.1620006561,15.8400001526,15.6730003357,15.6180000305,star
17.8369998932,16.2619991302,15.5559997559,15.2899999619,15.1610002518,star
19.9120006561,18.8560009003,18.5709991455,18.4880008698,18.4599990845,star
19.7900009155,18.343000412,17.7889995575,17.5739994049,17.4169998169,star
17.7929992676,16.5450000763,15.9969997406,15.75,15.640999794,star
19.3740005493,18.3969993591,18.0370006561,17.8649997711,17.875,star
18.0429992676,17.1509990692,16.781999588,16.7140007019,16.6550006866,star
21.5599994659,19.8619995117,19.1170005798,18.7779998779,18.6180000305,star
17.9130001068,16.5069999695,15.984000206,15.7930002213,15.704000473,star
19.0440006256,17.6550006866,17.1270008087,16.908000946,16.8050003052,star
20.2579994202,18.625,17.9230003357,17.6730003357,17.5230007172,star
19.9060001373,18.6270008087,18.0090007782,17.7800006866,17.6490001678,star
19.3999996185,18.3010005951,17.8400001526,17.6700000763,17.6299991608,star
20.4710006714,19.5149993896,19.2159996033,19.0659999847,19.1040000916,star
16.5540008545,15.5059995651,15.1909999847,15.0900001526,15.0939998627,star
20.2420005798,20.2059993744,19.9409999847,19.4850006104,19.1779994965,QSO
17.2740001678,17.3719997406,17.2849998474,16.9290008545,17.1089992523,QSO
23.6590003967,21.3490009308,19.8349990845,19.4190006256,19.3080005646,QSO
19.9459991455,20.077999115,20.0960006714,19.7280006409,19.5860004425,QSO
19.0060005188,19.0879993439,18.9510002136,18.5949993134,18.4309997559,QSO
19.2520008087,18.8169994354,18.5230007172,18.4920005798,18.0090007782,QSO
18.4689998627,18.3780002594,18.170999527,18.0650005341,18.0809993744,QSO
19.6620006561,19.6989994049,19.0939998627,19.0739994049,18.9869995117,QSO
21.142999649,20.5580005646,20.3540000916,20.061000824,19.8020000458,QSO
20.142999649,20.2420005798,19.9239997864,19.9139995575,19.920999527,QSO
19.3169994354,19.1030006409,18.8190002441,18.8069992065,18.6299991608,QSO
21.0860004425,20.3799991608,20.3910007477,20.3990001678,20.2560005188,QSO
19.1420001984,18.6009998322,18.2849998474,18.0359992981,18.0189990997,QSO
20.5559997559,20.1509990692,20.0760002136,19.8880004883,19.9839992523,QSO
20.8159999847,20.4029998779,20.2450008392,19.8589992523,19.8999996185,QSO
21.388999939,19.7019996643,19.4799995422,19.2600002289,19.1800003052,QSO
25.3490009308,20.7530002594,19.4610004425,19.0949993134,18.9640007019,QSO
20.0909996033,19.5650005341,19.0049991608,18.9470005035,18.8700008392,QSO
18.8199996948,18.6299991608,18.6459999084,18.4710006714,18.4319992065,QSO
19.2469997406,19.138999939,18.9130001068,18.7560005188,18.7800006866,QSO
18.4799995422,18.3050003052,18.0620002747,18.0090007782,17.9249992371,QSO
18.5450000763,18.1730003357,17.8209991455,17.4349994659,17.2310009003,QSO
20.8470001221,20.2719993591,20.329000473,20.1739997864,19.9710006714,QSO
20.0699996948,19.8409996033,19.704000473,19.7950000763,19.7070007324,QSO
21.4640007019,21.1420001984,20.8020000458,20.716999054,20.4230003357,QSO
25.1040000916,22.952999115,20.4990005493,20.0049991608,19.6930007935,QSO
18.3649997711,18.2590007782,18.0400009155,18.0149993896,18.0510005951,QSO
19.111000061,18.9519996643,18.8540000916,18.5900001526,18.3959999084,QSO
18.5279998779,17.7399997711,17.7129993439,17.6079998016,17.2950000763,QSO
18.7110004425,18.4230003357,18.170999527,17.8969993591,17.9799995422,QSO
19.7420005798,19.5310001373,19.2019996643,19.1270008087,19.0380001068,QSO
25.1439990997,20.6009998322,19.7290000916,19.4580001831,19.3239994049,QSO
19.1149997711,19.045999527,18.9470005035,19.0890007019,19.0709991455,QSO
19.4449996948,19.2689990997,18.9060001373,18.7409992218,18.6819992065,QSO
20.0550003052,19.4570007324,18.6979999542,18.4659996033,18.3670005798,QSO
18.1979999542,18.4130001068,18.4179992676,17.9839992523,17.9909992218,QSO
19.2380008698,19.1340007782,18.9489994049,18.9960002899,18.938999176,QSO
18.2310009003,18.0799999237,18.0060005188,17.8700008392,17.9710006714,QSO
19.2450008392,18.9270000458,18.9909992218,18.9899997711,18.6040000916,QSO
18.6679992676,18.4950008392,18.4139995575,18.4449996948,18.3640003204,QSO
21.1669998169,20.6770000458,20.2730007172,20.0160007477,19.6410007477,QSO
18.6900005341,18.6040000916,18.6009998322,18.5410003662,18.5249996185,QSO
19.1350002289,18.8129997253,18.466999054,18.4150009155,18.3799991608,QSO
23.5939998627,20.8050003052,20.125,20.0189990997,19.9829998016,QSO
24.4920005798,22.6930007935,20.6410007477,19.533000946,19.3740005493,QSO
20.563999176,20.4120006561,20.1189994812,20.3269996643,20.2980003357,QSO
19.1340007782,19.1380004883,19.1690006256,18.9330005646,18.8980007172,QSO
19.7220001221,19.6529998779,19.2479991913,19.1060009003,19.093000412,QSO
20.2569999695,20.0550003052,19.9279994965,19.736000061,19.8449993134,QSO
19.7849998474,19.1650009155,19.0909996033,18.9150009155,18.5349998474,QSO
19.5970001221,19.4430007935,19.0949993134,18.986000061,19.0960006714,QSO
19.1219997406,18.9200000763,18.8729991913,18.7670001984,18.642999649,QSO
19.3209991455,19.1340007782,19.0279998779,18.795999527,18.8939990997,QSO
18.8320007324,18.6630001068,18.3829994202,18.4610004425,18.5400009155,QSO
19.4009990692,18.9400005341,18.6900005341,18.6550006866,18.4470005035,QSO
20.3150005341,20.0209999084,19.9510002136,19.7150001526,19.7870006561,QSO
19.8850002289,19.7849998474,19.6989994049,19.625,19.7770004272,QSO
19.6380004883,19.5769996643,19.2259998322,19.1700000763,19.1690006256,QSO
19.9300003052,19.732000351,19.7199993134,19.5030002594,19.6359996796,QSO
18.9880008698,18.7369995117,18.2730007172,18.0809993744,17.9629993439,QSO
18.1679992676,18.2579994202,18.295999527,18.0380001068,17.8239994049,QSO
18.3630008698,18.2240009308,18.1259994507,17.9519996643,17.9750003815,QSO
23.1369991302,19.2399997711,18.625,18.3740005493,18.2409992218,QSO
22.5629997253,20.1030006409,19.6140003204,19.5650005341,19.3479995728,QSO
19.2660007477,19.1620006561,18.9029998779,18.8439998627,18.9279994965,QSO
19.5209999084,19.0499992371,19.1079998016,18.9990005493,18.9279994965,QSO
19.9829998016,19.4710006714,19.3299999237,19.2299995422,19.1340007782,QSO
20.9020004272,20.9850006104,20.4349994659,20.0590000153,19.9279994965,QSO
18.686000824,18.4370002747,18.5389995575,18.4780006409,18.3999996185,QSO
20.5340003967,20.5079994202,20.3509998322,20.4890003204,20.9139995575,QSO
18.1060009003,17.9850006104,17.9890003204,17.8470001221,17.811000824,QSO
19.1140003204,18.8950004578,18.781999588,18.8959999084,18.8670005798,QSO
24.2110004425,25.1650009155,21.1350002289,19.922000885,19.6819992065,QSO
18.3509998322,18.2129993439,18.0720005035,18.2099990845,17.6660003662,QSO
19.4169998169,19.0799999237,18.6060009003,18.2730007172,18.0499992371,QSO
18.5020008087,18.281999588,18.3099994659,18.1879997253,18.2999992371,QSO
20.0690002441,19.5429992676,19.1630001068,19.0590000153,18.9039993286,QSO
20.4880008698,20.4799995422,20.3090000153,20.111000061,19.9930000305,QSO
19.2889995575,18.9619998932,18.8689994812,18.9279994965,18.7019996643,QSO
20.3309993744,20.4009990692,20.0820007324,20.0119991302,19.8680000305,QSO
18.591999054,18.3649997711,18.2119998932,18.0450000763,18.1079998016,QSO
19.547000885,19.0590000153,19.0480003357,19.1019992828,18.8939990997,QSO
20.7329998016,20.4960002899,20.3180007935,19.9740009308,19.7369995117,QSO
19.5389995575,18.6420001984,18.4869995117,18.3190002441,17.9930000305,QSO
19.5240001678,18.3819999695,18.2339992523,18.2910003662,18.0820007324,QSO
19.0720005035,18.7940006256,18.6210002899,18.3500003815,18.2840003967,QSO
22.7290000916,20.3479995728,19.9810009003,19.9379997253,19.8640003204,QSO
18.1690006256,17.8729991913,17.6259994507,17.6079998016,17.5709991455,QSO
19.3209991455,19.2649993896,19.0130004883,19.0100002289,19.1749992371,QSO
19.1310005188,18.9430007935,18.8600006104,18.688999176,18.704000473,QSO
19.5540008545,19.0580005646,19.0219993591,19.0729999542,18.8719997406,QSO
19.2530002594,19.2339992523,18.9829998016,18.9449996948,18.3819999695,QSO
19.2019996643,18.9279994965,18.8330001831,18.672000885,18.7859992981,QSO
19.4769992828,19.0709991455,18.9640007019,18.9920005798,19.0209999084,QSO
19.5370006561,19.5020008087,19.4780006409,19.1149997711,19.0259990692,QSO
19.4610004425,19.422000885,19.1550006866,19.0499992371,19.313999176,QSO
18.5529994965,18.1739997864,18.2220001221,18.1700000763,18.1380004883,QSO
18.5520000458,18.5090007782,18.295999527,18.2089996338,18.3209991455,QSO
19.4559993744,19.4500007629,19.0680007935,19.0830001831,19.2259998322,QSO
20.6739997864,20.4869995117,20.5970001221,20.2779998779,20.313999176,QSO
19.3789997101,19.0200004578,18.857000351,18.5659999847,18.5170001984,QSO
20.4939994812,20.4699993134,20.3220005035,20.1700000763,20.1760005951,QSO
19.9890003204,19.6620006561,19.2269992828,19.4060001373,19.5370006561,QSO
22.0879993439,20.0370006561,19.7840003967,19.7199993134,19.8220005035,QSO
19.6760005951,19.0499992371,18.9759998322,18.9720001221,18.8560009003,QSO
19.3680000305,19.0510005951,19.0380001068,18.8390007019,18.8090000153,QSO
19.2490005493,19.1940002441,19.2159996033,19.0839996338,19.0030002594,QSO
19.0480003357,18.8950004578,18.686000824,18.8509998322,18.9619998932,QSO
19.1200008392,19.1620006561,19.2600002289,18.8840007782,18.8589992523,QSO
19.4379997253,19.3910007477,19.2059993744,19.0760002136,18.9020004272,QSO
19.4169998169,19.2269992828,19.0359992981,19.0569992065,18.9869995117,QSO
20.4139995575,20.1410007477,20.1240005493,20.1200008392,19.9489994049,QSO
19.6350002289,19.2539997101,19.3180007935,19.0020008087,18.8150005341,QSO
25.357000351,21.9899997711,20.2910003662,19.8810005188,19.5650005341,QSO
19.0720005035,18.8339996338,18.8470001221,18.656999588,18.6539993286,QSO
18.736000061,18.5559997559,18.4769992828,18.1630001068,18.1529998779,QSO
18.4459991455,18.3150005341,18.3099994659,18.2460002899,18.0620002747,QSO
19.3630008698,19.0569992065,19.0289993286,18.8400001526,18.8759994507,QSO
20.1870002747,20.0949993134,19.7070007324,19.7759990692,19.8309993744,QSO
23.1730003357,20.8460006714,19.2310009003,19.0170001984,18.9559993744,QSO
19.2709999084,18.8159999847,18.8560009003,18.8519992828,18.7000007629,QSO
19.5419998169,19.2579994202,19.0300006866,18.7479991913,18.827999115,QSO
25.4640007019,20.4090003967,19.3680000305,19.3899993896,19.4559993744,QSO
19.4190006256,18.986000061,18.9850006104,18.9930000305,18.75,QSO
18.6289997101,18.3619995117,18.1809997559,18.1240005493,18.031999588,QSO
22.486000061,20.2849998474,20.0659999847,20.1280002594,19.9559993744,QSO
18.531999588,18.406999588,18.2119998932,18.2560005188,18.3229999542,QSO
20.2810001373,19.8549995422,19.8990001678,19.8880004883,19.7560005188,QSO
19.4939994812,19.1410007477,18.7880001068,18.7779998779,18.7950000763,QSO
18.6660003662,18.6299991608,18.3010005951,18.2430000305,18.2619991302,QSO
20.7919998169,20.2600002289,20.2399997711,20.204000473,19.9599990845,QSO
18.829000473,18.6089992523,18.3579998016,18.486000061,18.5100002289,QSO
18.7460002899,18.5900001526,18.5069999695,18.216999054,18.2080001831,QSO
20.1650009155,19.7460002899,19.5030002594,19.2919998169,19.1319999695,QSO
19.9909992218,19.6280002594,19.2339992523,19.061000824,19.0030002594,QSO
19.7210006714,19.3120002747,19.1399993896,18.9589996338,18.9249992371,QSO
19.7619991302,19.438999176,19.0809993744,18.9899997711,18.9769992828,QSO
20.232000351,19.7490005493,19.670999527,19.438999176,19.4039993286,QSO
21.9869995117,19.6119995117,19.2910003662,19.1650009155,19.2430000305,QSO
20.2490005493,19.9829998016,19.9850006104,19.8069992065,19.8770008087,QSO
23.1690006256,18.6079998016,18.1340007782,18.0839996338,18.0009994507,QSO
18.9200000763,18.9610004425,18.8980007172,18.6210002899,18.4409999847,QSO
19.9060001373,19.3400001526,19.2199993134,19.079000473,18.8330001831,QSO
18.295999527,18.1410007477,17.9510002136,17.9559993744,17.8490009308,QSO
24.8490009308,20.6219997406,19.6369991302,19.6469993591,19.5130004883,QSO
19.436000824,19.2420005798,19.1289997101,18.9930000305,18.688999176,QSO
19.031999588,18.8490009308,18.6040000916,18.7010002136,18.7460002899,QSO
19.0450000763,18.8999996185,18.6289997101,18.4580001831,17.9300003052,QSO
19.329000473,18.9659996033,18.8759994507,18.8209991455,18.6539993286,QSO
21.8010005951,19.8950004578,19.6490001678,19.4960002899,19.3819999695,QSO
19.9990005493,19.4570007324,19.0310001373,18.966999054,18.9340000153,QSO
19.2520008087,19.1210002899,18.9370002747,19.0970001221,19.2670001984,QSO
19.2520008087,18.658000946,18.6040000916,18.5480003357,18.4340000153,QSO
18.0009994507,17.5109996796,17.3579998016,17.2719993591,17.091999054,QSO
19.0650005341,18.7000007629,18.5200004578,18.4160003662,18.3010005951,QSO
19.2940006256,18.7220001221,18.1970005035,17.9850006104,17.875,QSO
19.6060009003,19.5839996338,19.232000351,19.3369998932,19.3500003815,QSO
21.7430000305,20.5240001678,19.7290000916,19.1599998474,18.952999115,QSO
18.6490001678,18.5809993744,18.5720005035,18.3619995117,18.3069992065,QSO
19.7560005188,19.5160007477,19.2999992371,19.138999939,18.9260005951,QSO
19.1329994202,19.0499992371,18.841999054,18.7800006866,18.7889995575,QSO
18.982000351,18.9549999237,18.9549999237,18.7329998016,18.5489997864,QSO
18.7520008087,18.5230007172,18.4969997406,18.2900009155,18.343000412,QSO
18.8029994965,18.611000061,18.3260002136,18.3129997253,18.3640003204,QSO
19.9710006714,19.763999939,19.4479999542,19.4379997253,19.4400005341,QSO
24.4290008545,21.6660003662,20.5310001373,20.1609992981,20.2439994812,QSO
18.7859992981,18.6940002441,18.7150001526,18.5699996948,18.5869998932,QSO
19.0480003357,18.8630008698,18.8530006409,19.0219993591,18.9430007935,QSO
18.2700004578,18.1949996948,17.9689998627,17.9799995422,18.1529998779,QSO
19.2609996796,18.8339996338,18.5890007019,18.3209991455,18.3710002899,QSO
20.1560001373,19.7889995575,19.3059997559,19.283000946,19.1620006561,QSO
20.1259994507,19.6189994812,19.4130001068,19.1000003815,19.1949996948,QSO
19.8099994659,19.5160007477,19.3540000916,19.1550006866,19.0869998932,QSO
20.5419998169,20.2140007019,20.4160003662,20.1669998169,20.2619991302,QSO
17.0030002594,16.9869995117,16.8950004578,16.7399997711,16.6480007172,QSO
17.2840003967,17.1949996948,16.966999054,16.5690002441,16.4349994659,QSO
20.936000824,20.2290000916,19.6989994049,19.1490001678,19.0209999084,QSO
20.297000885,20.0380001068,19.9850006104,19.9109992981,19.8010005951,QSO
18.2600002289,18.1159992218,17.8589992523,17.8600006104,17.9430007935,QSO
19.3460006714,19.0949993134,18.8530006409,18.8689994812,18.7539997101,QSO
19.6930007935,19.3780002594,19.1499996185,18.9899997711,18.9479999542,QSO
19.2369995117,19.0499992371,18.8999996185,19.0270004272,18.9370002747,QSO
19.5279998779,19.3190002441,19.2159996033,18.952999115,18.9169998169,QSO
19.9890003204,19.9370002747,19.8500003815,19.702999115,19.6620006561,QSO
23.8799991608,20.6019992828,19.7709999084,19.4850006104,19.4379997253,QSO
20.7140007019,20.3409996033,19.6770000458,19.4300003052,19.2430000305,QSO
20.3330001831,20.0669994354,19.7670001984,19.7070007324,19.8299999237,QSO
19.1439990997,18.9489994049,18.8129997253,18.7409992218,18.2549991608,QSO
19.0569992065,18.4190006256,18.5230007172,18.361000061,18.0769996643,QSO
19.4839992523,19.3999996185,19.2290000916,19.0400009155,18.783000946,QSO
19.3680000305,19.2759990692,19.1509990692,19.0690002441,19.045999527,QSO
17.4750003815,17.2989997864,17.466999054,17.3999996185,17.1870002747,QSO
19.7700004578,19.2789993286,18.8880004883,18.7469997406,18.7450008392,QSO
19.8190002441,19.7059993744,19.1620006561,19.0720005035,18.9409999847,QSO
19.3320007324,18.6790008545,18.7070007324,18.6299991608,18.4619998932,QSO
18.7199993134,18.4979991913,18.4029998779,18.2490005493,18.357000351,QSO
18.6399993896,18.0680007935,17.9050006866,17.9440002441,17.6900005341,QSO
20.5739994049,20.4249992371,20.3059997559,20.1650009155,20.0249996185,QSO
17.3710002899,17.4120006561,17.3400001526,17.4829998016,16.9969997406,QSO
20.7339992523,20.4050006866,20.327999115,20.1919994354,19.9200000763,QSO
20.4020004272,20.1669998169,19.8020000458,19.8819999695,19.783000946,QSO
19.1529998779,18.6930007935,18.6119995117,18.4440002441,18.436000824,QSO
19.5620002747,19.408000946,19.202999115,19.2509994507,19.2019996643,QSO
20.8129997253,20.5219993591,20.4589996338,20.1490001678,20.1380004883,QSO
19.8770008087,19.5009994507,19.1770000458,18.8400001526,18.6919994354,QSO
20.6480007172,19.9279994965,19.3710002899,18.966999054,18.9230003357,QSO
19.4239997864,19.1219997406,19.0949993134,18.952999115,18.9810009003,QSO
19.2469997406,19.047000885,18.6630001068,18.6270008087,18.670999527,QSO
26.4330005646,21.4290008545,20.2609996796,20.1079998016,20.0729999542,QSO
20.5359992981,20.2000007629,20.2929992676,19.9099998474,19.7259998322,QSO
20.6270008087,20.5830001831,20.2700004578,20.2290000916,20.1900005341,QSO
19.4309997559,19.2280006409,18.7940006256,18.7910003662,18.9230003357,QSO
